<?xml version="1.0" encoding="UTF-8"?>
<fileResource exportedWithPermissions="true" dataFile="HOJA_AFILACION.jrxml.data">
    <folder>/Files/EQHALI</folder>
    <name>HOJA_AFILACION.jrxml</name>
    <version>2</version>
    <label>HOJA_AFILACION.jrxml</label>
    <description>Reporte de hoja de afiliación del paciente.</description>
    <creationDate>2018-10-01T15:41:29.747-05:00</creationDate>
    <updateDate>2018-10-01T16:57:31.198-05:00</updateDate>
    <fileType>jrxml</fileType>
</fileResource>
